Store,StoreType,Assortment,CompetitionDistance,CompetitionOpenSinceMonth,CompetitionOpenSinceYear,Promo2,Promo2SinceWeek,Promo2SinceYear,PromoInterval
1,C,a ,1270.0,9.0,2008.0,0,,,
2,a,a,~570.0,11.0,2007.0,1,13.0,2010.0,"Jan,Apr,Jul,Oct"
3,a,a,14130.0m,12.0,2006.0,1,14.0,2011.0,"Jan,Apr,Jul,Oct"
4,C,c,~620.0m,9.0,2009.0,0,,,
5,a,a ,29910.0,4.0,2015.0,0,,,
6,a,a,~310.0,12.0,2013.0,0,,,
7,A,c,24000.0m,4.0,2013.0,0,,,
8,a,a,~7520.0m,10.0,2014.0,0,,,
9,a,c ,2030.0,8.0,2000.0,0,,,
10,A,a,~3160.0,9.0,2009.0,0,,,
11,a,c,960.0m,11.0,2011.0,1,1.0,2012.0,"Jan,Apr,Jul,Oct"
12,a,c,~1070.0m,,,1,13.0,2010.0,"Jan,Apr,Jul,Oct"
13,D,a ,310.0,,,1,45.0,2009.0,"Feb,May,Aug,Nov"
14,a,a,~1300.0,3.0,2014.0,1,40.0,2011.0,"Jan,Apr,Jul,Oct"
15,d,c,4110.0m,3.0,2010.0,1,14.0,2011.0,"Jan,Apr,Jul,Oct"
16,A,c,~3270.0m,,,0,,,
17,a,a ,50.0,12.0,2005.0,1,26.0,2010.0,"Jan,Apr,Jul,Oct"
18,d,c,~13840.0,6.0,2010.0,1,14.0,2012.0,"Jan,Apr,Jul,Oct"
19,A,c,3240.0m,,,1,22.0,2011.0,"Mar,Jun,Sept,Dec"
20,d,a,~2340.0m,5.0,2009.0,1,40.0,2014.0,"Jan,Apr,Jul,Oct"
21,c,c ,550.0,10.0,1999.0,1,45.0,2009.0,"Jan,Apr,Jul,Oct"
22,A,a,~1040.0,,,1,22.0,2012.0,"Jan,Apr,Jul,Oct"
23,d,a,4060.0m,8.0,2005.0,0,,,
24,a,c,~4590.0m,3.0,2000.0,1,40.0,2011.0,"Jan,Apr,Jul,Oct"
25,C,a ,430.0,4.0,2003.0,0,,,
26,d,a,~2300.0,,,0,,,
27,a,a,60.0m,1.0,2005.0,1,5.0,2011.0,"Jan,Apr,Jul,Oct"
28,A,a,~1200.0m,10.0,2014.0,1,6.0,2015.0,"Mar,Jun,Sept,Dec"
29,d,c ,2170.0,,,0,,,
30,a,a,~40.0,2.0,2014.0,1,10.0,2014.0,"Mar,Jun,Sept,Dec"
31,D,c,9800.0m,7.0,2012.0,0,,,
32,a,a,~2910.0m,,,1,45.0,2009.0,"Feb,May,Aug,Nov"
33,a,c ,1320.0,5.0,2013.0,0,,,
34,C,a,~2240.0,9.0,2009.0,0,,,
35,d,c,7660.0m,10.0,2000.0,1,1.0,2012.0,"Jan,Apr,Jul,Oct"
36,a,c,~540.0m,6.0,2003.0,1,40.0,2014.0,"Jan,Apr,Jul,Oct"
37,C,a ,4230.0,12.0,2014.0,0,,,
38,d,a,~1090.0,4.0,2007.0,0,,,
39,a,a,260.0m,10.0,2006.0,1,31.0,2013.0,"Feb,May,Aug,Nov"
40,A,a,~180.0m,,,1,45.0,2009.0,"Feb,May,Aug,Nov"
41,d,c ,1180.0,,,1,31.0,2013.0,"Jan,Apr,Jul,Oct"
42,a,c,~290.0,,,1,40.0,2011.0,"Jan,Apr,Jul,Oct"
43,D,a,4880.0m,,,1,37.0,2009.0,"Jan,Apr,Jul,Oct"
44,a,a,~540.0m,6.0,2011.0,0,,,
45,d,a ,9710.0,2.0,2014.0,0,,,
46,C,a,~1200.0,9.0,2005.0,1,14.0,2011.0,"Jan,Apr,Jul,Oct"
47,a,c,270.0m,4.0,2013.0,1,14.0,2013.0,"Jan,Apr,Jul,Oct"
48,a,a,~1060.0m,5.0,2012.0,0,,,
49,D,c ,18010.0,9.0,2007.0,0,,,
50,d,a,~6260.0,11.0,2009.0,0,,,
51,a,c,10570.0m,7.0,2013.0,1,9.0,2011.0,"Jan,Apr,Jul,Oct"
52,D,c,~450.0m,4.0,2014.0,1,39.0,2010.0,"Jan,Apr,Jul,Oct"
53,a,c ,30360.0,9.0,2013.0,0,,,
54,d,c,~7170.0,8.0,2014.0,1,5.0,2013.0,"Feb,May,Aug,Nov"
55,A,a,720.0m,11.0,2004.0,0,,,
56,d,c,~6620.0m,3.0,2012.0,1,10.0,2014.0,"Mar,Jun,Sept,Dec"
57,d,c ,420.0,6.0,2014.0,0,,,
58,A,c,~7340.0,5.0,2008.0,1,27.0,2012.0,"Jan,Apr,Jul,Oct"
59,a,c,2840.0m,6.0,2007.0,1,14.0,2011.0,"Jan,Apr,Jul,Oct"
60,d,c,~5540.0m,10.0,2009.0,0,,,
61,A,c ,350.0,12.0,2007.0,1,1.0,2012.0,"Jan,Apr,Jul,Oct"
62,a,a,~2050.0,,,0,,,
63,c,c,3700.0m,6.0,2010.0,1,18.0,2010.0,"Feb,May,Aug,Nov"
64,D,c,~22560.0m,,,1,14.0,2013.0,"Jan,Apr,Jul,Oct"
65,a,c ,13840.0,5.0,2010.0,1,1.0,2012.0,"Jan,Apr,Jul,Oct"
66,d,a,~7660.0,,,1,37.0,2009.0,"Jan,Apr,Jul,Oct"
67,A,c,410.0m,2.0,2006.0,0,,,
68,a,c,~250.0m,,,1,35.0,2012.0,"Mar,Jun,Sept,Dec"
69,c,c ,1130.0,,,1,40.0,2011.0,"Jan,Apr,Jul,Oct"
70,C,c,~4840.0,,,0,,,
71,a,a,17500.0m,8.0,2008.0,1,37.0,2009.0,"Mar,Jun,Sept,Dec"
72,a,a,~2200.0m,12.0,2009.0,1,13.0,2010.0,"Jan,Apr,Jul,Oct"
73,A,c ,1650.0,9.0,2008.0,0,,,
74,a,a,~330.0,,,0,,,
75,d,c,22440.0m,12.0,2013.0,0,,,
76,D,c,~19960.0m,3.0,2006.0,0,,,
77,d,c ,1090.0,8.0,2009.0,1,10.0,2014.0,"Jan,Apr,Jul,Oct"
78,a,a,~3510.0,11.0,2006.0,1,5.0,2013.0,"Feb,May,Aug,Nov"
79,A,a,3320.0m,,,0,,,
80,d,a,~7910.0m,,,0,,,
81,a,a ,2370.0,3.0,2011.0,1,40.0,2014.0,"Jan,Apr,Jul,Oct"
82,A,a,~22390.0,4.0,2008.0,1,37.0,2009.0,"Jan,Apr,Jul,Oct"
83,a,a,2710.0m,,,0,,,
84,a,c,~11810.0m,8.0,2014.0,0,,,
85,B,a ,1870.0,10.0,2011.0,0,,,
86,a,a,~480.0,2.0,2005.0,1,31.0,2013.0,"Jan,Apr,Jul,Oct"
87,a,a,560.0m,12.0,2010.0,0,,,
88,A,a,~10690.0m,10.0,2005.0,0,,,
89,a,a ,2380.0,7.0,2004.0,1,40.0,2014.0,"Jan,Apr,Jul,Oct"
90,a,a,~330.0,11.0,2007.0,0,,,
91,C,a,2410.0m,,,1,35.0,2011.0,"Jan,Apr,Jul,Oct"
92,c,a,~240.0m,,,1,45.0,2009.0,"Feb,May,Aug,Nov"
93,a,a ,16690.0,,,1,14.0,2011.0,"Jan,Apr,Jul,Oct"
94,D,c,~14620.0,,,0,,,
95,a,a,1890.0m,10.0,2014.0,0,,,
96,a,a,~8780.0m,2.0,2005.0,1,37.0,2009.0,"Jan,Apr,Jul,Oct"
97,D,c ,8980.0,,,0,,,
98,d,c,~15140.0,12.0,2006.0,1,1.0,2012.0,"Jan,Apr,Jul,Oct"
99,c,c,2030.0m,11.0,2003.0,1,22.0,2012.0,"Mar,Jun,Sept,Dec"
100,D,a,~17930.0m,,,0,,,
101,d,c ,2440.0,,,1,22.0,2012.0,"Mar,Jun,Sept,Dec"
102,a,a,~150.0,12.0,2007.0,1,10.0,2014.0,"Mar,Jun,Sept,Dec"
103,D,c,5210.0m,5.0,2015.0,0,,,
104,a,a,~390.0m,6.0,2009.0,0,,,
105,a,c ,6190.0,,,1,23.0,2013.0,"Mar,Jun,Sept,Dec"
106,A,a,~1390.0,8.0,2013.0,0,,,
107,a,a,1930.0m,9.0,2009.0,0,,,
108,d,c,~2190.0m,9.0,2003.0,0,,,
109,A,c ,3300.0,11.0,2010.0,0,,,
110,a,c,~46590.0,4.0,2013.0,0,,,
111,d,c,7890.0m,,,1,37.0,2009.0,"Jan,Apr,Jul,Oct"
112,A,a,~1630.0m,9.0,2009.0,0,,,
113,d,c ,20930.0,11.0,1999.0,0,,,
114,c,a,~4510.0,,,1,48.0,2011.0,"Mar,Jun,Sept,Dec"
115,D,c,5740.0m,4.0,2007.0,1,40.0,2014.0,"Jan,Apr,Jul,Oct"
116,a,a,~680.0m,4.0,2013.0,0,,,
117,a,a ,3450.0,9.0,2011.0,0,,,
118,D,c,~3580.0,9.0,2012.0,0,,,
119,a,c,2100.0m,2.0,2010.0,0,,,
120,d,a,~2290.0m,12.0,2014.0,1,37.0,2009.0,"Jan,Apr,Jul,Oct"
121,A,a ,3570.0,11.0,2009.0,1,36.0,2013.0,"Mar,Jun,Sept,Dec"
122,a,c,~58260.0,4.0,2013.0,0,,,
123,a,a,16760.0m,9.0,2011.0,0,,,
124,A,a,~1410.0m,4.0,2003.0,0,,,
125,a,a ,760.0,12.0,2005.0,0,,,
126,d,a,~3370.0,10.0,2014.0,1,18.0,2011.0,"Feb,May,Aug,Nov"
127,D,a,1350.0m,12.0,2005.0,1,13.0,2010.0,"Jan,Apr,Jul,Oct"
128,d,c,~2000.0m,,,1,1.0,2013.0,"Jan,Apr,Jul,Oct"
129,a,a ,2460.0,,,1,14.0,2011.0,"Jan,Apr,Jul,Oct"
130,C,a,~900.0,,,1,13.0,2010.0,"Jan,Apr,Jul,Oct"
131,c,a,920.0m,7.0,2015.0,0,,,
132,d,c,~1040.0m,,,1,27.0,2012.0,"Jan,Apr,Jul,Oct"
133,A,a ,270.0,8.0,2013.0,1,10.0,2014.0,"Mar,Jun,Sept,Dec"
134,a,a,~1200.0,9.0,2008.0,0,,,
135,d,a,5190.0m,,,1,1.0,2013.0,"Jan,Apr,Jul,Oct"
136,A,c,~2200.0m,12.0,2010.0,1,22.0,2012.0,"Feb,May,Aug,Nov"
137,a,a ,1730.0,7.0,2015.0,1,40.0,2014.0,"Jan,Apr,Jul,Oct"
138,a,c,~25360.0,10.0,2014.0,0,,,
139,A,a,1700.0m,1.0,2008.0,1,14.0,2011.0,"Jan,Apr,Jul,Oct"
140,a,c,~1090.0m,7.0,2010.0,1,1.0,2013.0,"Jan,Apr,Jul,Oct"
141,c,c ,1540.0,,,1,22.0,2012.0,"Mar,Jun,Sept,Dec"
142,A,a,~1090.0,7.0,2002.0,0,,,
143,d,a,2930.0m,12.0,2002.0,0,,,
144,a,c,~16570.0m,,,0,,,
145,A,a ,280.0,,,1,45.0,2009.0,"Feb,May,Aug,Nov"
146,d,c,~8050.0,10.0,1961.0,1,48.0,2012.0,"Jan,Apr,Jul,Oct"
147,d,c,8540.0m,,,0,,,
148,A,a,~2090.0m,12.0,2008.0,0,,,
149,d,a ,2610.0,7.0,2006.0,1,14.0,2011.0,"Jan,Apr,Jul,Oct"
150,c,c,~31830.0,3.0,2010.0,0,,,
151,D,c,4360.0m,10.0,2005.0,0,,,
152,a,a,~1780.0m,,,0,,,
153,a,a ,16240.0,10.0,2000.0,1,18.0,2011.0,"Feb,May,Aug,Nov"
154,D,c,~16420.0,,,0,,,
155,d,a,3050.0m,,,1,35.0,2010.0,"Jan,Apr,Jul,Oct"
156,a,a,~2020.0m,2.0,2011.0,1,14.0,2011.0,"Mar,Jun,Sept,Dec"
157,A,c ,2950.0,10.0,2004.0,0,,,
158,d,c,~11840.0,,,1,31.0,2009.0,"Feb,May,Aug,Nov"
159,d,a,8530.0m,3.0,2013.0,0,,,
160,D,c,~17110.0m,11.0,2005.0,0,,,
161,a,c ,2970.0,3.0,2005.0,0,,,
162,d,c,~5340.0,3.0,2012.0,1,13.0,2010.0,"Jan,Apr,Jul,Oct"
163,A,a,1480.0m,4.0,2009.0,0,,,
164,a,a,~1160.0m,9.0,2005.0,1,13.0,2010.0,"Jan,Apr,Jul,Oct"
165,a,a ,3720.0,4.0,2005.0,1,13.0,2010.0,"Jan,Apr,Jul,Oct"
166,A,c,~100.0,4.0,2014.0,1,31.0,2013.0,"Jan,Apr,Jul,Oct"
167,a,a,140.0m,4.0,2008.0,0,,,
168,a,a,~12540.0m,,,0,,,
169,D,a ,980.0,7.0,2014.0,1,18.0,2014.0,"Feb,May,Aug,Nov"
170,a,a,~1070.0,5.0,2015.0,1,14.0,2011.0,"Jan,Apr,Jul,Oct"
171,a,a,2640.0m,,,0,,,
172,A,a,~110.0m,,,1,40.0,2014.0,"Jan,Apr,Jul,Oct"
173,a,a ,350.0,12.0,2012.0,0,,,
174,a,a,~13090.0,,,1,22.0,2012.0,"Jan,Apr,Jul,Oct"
175,C,a,4130.0m,,,0,,,
176,a,a,~3770.0m,,,0,,,
177,a,a ,1250.0,2.0,2004.0,1,5.0,2013.0,"Feb,May,Aug,Nov"
178,D,a,~1710.0,,,0,,,
179,a,c,480.0m,,,0,,,
180,d,a,~5800.0m,9.0,2010.0,0,,,
181,A,a ,12610.0,3.0,2013.0,1,14.0,2011.0,"Jan,Apr,Jul,Oct"
182,d,c,~1390.0,,,1,9.0,2011.0,"Mar,Jun,Sept,Dec"
183,a,a,9670.0m,,,0,,,
184,D,c,~3560.0m,,,0,,,
185,d,c ,1860.0,5.0,2015.0,0,,,
186,a,a,~290.0,10.0,2011.0,1,40.0,2014.0,"Jan,Apr,Jul,Oct"
187,A,c,19360.0m,,,0,,,
188,d,a,~850.0m,,,1,18.0,2011.0,"Feb,May,Aug,Nov"
189,d,a ,5760.0,7.0,2014.0,0,,,
190,A,a,~1470.0,12.0,2006.0,1,40.0,2014.0,"Jan,Apr,Jul,Oct"
191,a,a,1100.0m,8.0,2013.0,1,40.0,2014.0,"Jan,Apr,Jul,Oct"
192,d,c,~2770.0m,3.0,2008.0,1,40.0,2014.0,"Jan,Apr,Jul,Oct"
193,A,a ,520.0,,,0,,,
194,d,c,~16970.0,,,1,5.0,2013.0,"Feb,May,Aug,Nov"
195,a,c,220.0m,,,0,,,
196,C,a,~3850.0m,11.0,2005.0,1,14.0,2011.0,"Jan,Apr,Jul,Oct"
197,c,a ,4210.0,3.0,2015.0,0,,,
198,a,a,~290.0,9.0,2002.0,1,13.0,2010.0,"Jan,Apr,Jul,Oct"
199,D,c,6360.0m,12.0,2010.0,1,14.0,2012.0,"Mar,Jun,Sept,Dec"
200,a,a,~1650.0m,10.0,2000.0,0,,,
201,d,a ,20260.0,,,1,18.0,2014.0,"Mar,Jun,Sept,Dec"
202,D,c,~5140.0,5.0,2010.0,0,,,
203,c,c,490.0m,11.0,2002.0,0,,,
204,a,a,~5630.0m,12.0,2002.0,1,40.0,2014.0,"Jan,Apr,Jul,Oct"
205,A,a ,110.0,12.0,2007.0,0,,,
206,a,c,~380.0,,,1,14.0,2012.0,"Jan,Apr,Jul,Oct"
207,a,a,6870.0m,,,0,,,
208,C,a,~300.0m,4.0,2006.0,0,,,
209,a,c ,11680.0,9.0,2011.0,1,31.0,2013.0,"Jan,Apr,Jul,Oct"
210,d,a,~970.0,11.0,1999.0,1,5.0,2013.0,"Feb,May,Aug,Nov"
211,A,c,350.0m,11.0,2006.0,0,,,
212,a,c,~15050.0m,9.0,2008.0,0,,,
213,d,c ,4030.0,3.0,2014.0,1,1.0,2014.0,"Jan,Apr,Jul,Oct"
214,D,a,~8650.0,7.0,2013.0,1,10.0,2014.0,"Jan,Apr,Jul,Oct"
215,d,a,150.0m,,,1,45.0,2009.0,"Feb,May,Aug,Nov"
216,c,a,~190.0m,,,1,45.0,2009.0,"Feb,May,Aug,Nov"
217,C,a ,3150.0,,,0,,,
218,a,c,~640.0,,,1,9.0,2011.0,"Mar,Jun,Sept,Dec"
219,a,a,1640.0m,2.0,2013.0,0,,,
220,A,a,~1000.0m,9.0,2008.0,0,,,
221,d,c ,13530.0,9.0,2013.0,0,,,
222,a,a,~2170.0,11.0,2008.0,0,,,
223,D,c,2920.0m,10.0,1995.0,1,27.0,2011.0,"Jan,Apr,Jul,Oct"
224,d,c,~7930.0m,,,1,1.0,2013.0,"Jan,Apr,Jul,Oct"
225,d,a ,10180.0,5.0,2015.0,0,,,
226,A,a,~450.0,,,0,,,
227,a,a,2370.0m,,,0,,,
228,d,c,~10800.0m,,,1,18.0,2011.0,"Feb,May,Aug,Nov"
229,D,c ,17410.0,4.0,2007.0,1,14.0,2011.0,"Jan,Apr,Jul,Oct"
230,d,c,~6680.0,9.0,2013.0,0,,,
231,d,c,3840.0m,10.0,2008.0,1,39.0,2010.0,"Feb,May,Aug,Nov"
232,C,c,~13570.0m,5.0,2010.0,1,10.0,2013.0,"Mar,Jun,Sept,Dec"
233,a,a ,1890.0,,,0,,,
234,d,a,~4370.0,,,0,,,
235,A,a,5710.0m,3.0,2012.0,1,37.0,2009.0,"Jan,Apr,Jul,Oct"
236,a,a,~1000.0m,11.0,2007.0,0,,,
237,a,a ,1420.0,11.0,2007.0,0,,,
238,A,a,~320.0,,,1,45.0,2009.0,"Feb,May,Aug,Nov"
239,d,c,610.0m,,,0,,,
240,a,a,~1110.0m,5.0,2009.0,0,,,
241,D,c ,780.0,,,0,,,
242,d,a,~6880.0,9.0,2001.0,1,14.0,2011.0,"Jan,Apr,Jul,Oct"
243,a,a,310.0m,,,1,5.0,2013.0,"Feb,May,Aug,Nov"
244,D,a,~710.0m,3.0,2012.0,1,1.0,2012.0,"Jan,Apr,Jul,Oct"
245,a,c ,1310.0,,,0,,,
246,c,a,~4660.0,4.0,2013.0,0,,,
247,D,c,70.0m,11.0,2010.0,1,5.0,2013.0,"Feb,May,Aug,Nov"
248,a,c,~340.0m,9.0,2012.0,1,40.0,2012.0,"Jan,Apr,Jul,Oct"
249,d,c ,18010.0,9.0,2014.0,0,,,
250,D,a,~3520.0,,,1,18.0,2012.0,"Feb,May,Aug,Nov"
251,a,c,340.0m,,,0,,,
252,d,c,~22330.0m,,,1,5.0,2010.0,"Feb,May,Aug,Nov"
253,A,c ,250.0,,,1,5.0,2013.0,"Feb,May,Aug,Nov"
254,d,a,~330.0,3.0,2008.0,1,1.0,2012.0,"Mar,Jun,Sept,Dec"
255,c,c,4630.0m,3.0,2011.0,1,35.0,2011.0,"Feb,May,Aug,Nov"
256,A,c,~80.0m,9.0,2005.0,1,10.0,2014.0,"Mar,Jun,Sept,Dec"
257,a,a ,420.0,12.0,2012.0,0,,,
258,a,a,~27190.0,7.0,2010.0,1,37.0,2009.0,"Jan,Apr,Jul,Oct"
259,B,b,210.0m,,,0,,,
260,a,a,~540.0m,10.0,2011.0,0,,,
261,d,c ,15340.0,4.0,2015.0,1,39.0,2009.0,"Jan,Apr,Jul,Oct"
262,B,a,~1180.0,5.0,2013.0,0,,,
263,a,c,1140.0m,5.0,2013.0,1,40.0,2014.0,"Jan,Apr,Jul,Oct"
264,a,a,~180.0m,3.0,2014.0,0,,,
265,A,a ,4580.0,,,1,14.0,2015.0,"Jan,Apr,Jul,Oct"
266,a,c,~360.0,3.0,2014.0,1,9.0,2011.0,"Mar,Jun,Sept,Dec"
267,c,a,2460.0m,1.0,2012.0,0,,,
268,A,a,~4520.0m,2.0,2014.0,0,,,
269,a,c ,60.0,6.0,2015.0,0,,,
270,a,a,~1450.0,7.0,2014.0,0,,,
271,A,a,420.0m,,,1,14.0,2011.0,"Jan,Apr,Jul,Oct"
272,a,a,~16180.0m,7.0,2003.0,1,14.0,2011.0,"Jan,Apr,Jul,Oct"
273,a,c ,8480.0,,,0,,,
274,B,b,~3640.0,,,1,10.0,2013.0,"Jan,Apr,Jul,Oct"
275,d,a,300.0m,5.0,2014.0,1,40.0,2014.0,"Jan,Apr,Jul,Oct"
276,a,a,~2960.0m,10.0,2014.0,1,36.0,2013.0,"Mar,Jun,Sept,Dec"
277,D,c ,7840.0,,,1,31.0,2009.0,"Feb,May,Aug,Nov"
278,a,c,~9260.0,2.0,2010.0,0,,,
279,d,c,2320.0m,,,1,40.0,2012.0,"Jan,Apr,Jul,Oct"
280,D,c,~18640.0m,9.0,2013.0,1,10.0,2014.0,"Mar,Jun,Sept,Dec"
281,d,c ,6970.0,9.0,2011.0,0,,,
282,a,a,~1220.0,12.0,2010.0,0,,,
283,A,a,2260.0m,,,1,40.0,2014.0,"Jan,Apr,Jul,Oct"
284,d,a,~1290.0m,,,1,40.0,2014.0,"Jan,Apr,Jul,Oct"
285,a,a ,2410.0,,,0,,,
286,A,a,~1460.0,4.0,2015.0,0,,,
287,c,a,2740.0m,5.0,2009.0,1,40.0,2014.0,"Jan,Apr,Jul,Oct"
288,d,a,~800.0m,,,1,14.0,2011.0,"Mar,Jun,Sept,Dec"
289,D,a ,6540.0,12.0,2007.0,0,,,
290,a,a,~4150.0,5.0,2001.0,0,,,
291,d,a,,,,0,,,
292,A,a,~1100.0m,6.0,2009.0,0,,,
293,c,c ,140.0,11.0,2007.0,0,,,
294,a,a,~3150.0,5.0,2005.0,0,,,
295,A,a,210.0m,11.0,2000.0,1,36.0,2013.0,"Mar,Jun,Sept,Dec"
296,a,a,~9580.0m,5.0,2007.0,1,45.0,2014.0,"Feb,May,Aug,Nov"
297,a,a ,2300.0,9.0,2010.0,0,,,
298,D,a,~19840.0,7.0,2009.0,0,,,
299,d,c,38630.0m,9.0,2012.0,0,,,
300,a,c,~120.0m,4.0,2009.0,1,1.0,2012.0,"Jan,Apr,Jul,Oct"
301,A,c ,4510.0,3.0,2015.0,0,,,
302,d,c,~2190.0,12.0,2007.0,1,9.0,2011.0,"Mar,Jun,Sept,Dec"
303,a,a,15430.0m,11.0,2012.0,1,18.0,2011.0,"Feb,May,Aug,Nov"
304,A,a,~1950.0m,7.0,2015.0,0,,,
305,c,c ,2470.0,2.0,2005.0,1,31.0,2013.0,"Mar,Jun,Sept,Dec"
306,a,a,~5100.0,4.0,2007.0,1,40.0,2014.0,"Jan,Apr,Jul,Oct"
307,A,a,18660.0m,9.0,2002.0,0,,,
308,a,a,~1070.0m,12.0,2006.0,1,13.0,2010.0,"Jan,Apr,Jul,Oct"
309,d,a ,8740.0,,,1,37.0,2009.0,"Feb,May,Aug,Nov"
310,A,c,~2290.0,,,1,10.0,2014.0,"Mar,Jun,Sept,Dec"
311,a,c,680.0m,7.0,2005.0,0,,,
312,d,a,~11300.0m,3.0,2012.0,0,,,
313,D,c ,14160.0,,,0,,,
314,a,a,~3560.0,10.0,2001.0,1,31.0,2013.0,"Feb,May,Aug,Nov"
315,a,c,38710.0m,4.0,2013.0,0,,,
316,D,a,~9000.0m,8.0,2001.0,0,,,
317,d,a ,3140.0,7.0,2013.0,1,14.0,2011.0,"Jan,Apr,Jul,Oct"
318,d,c,~32330.0,3.0,2014.0,0,,,
319,A,c,570.0m,9.0,2012.0,1,27.0,2012.0,"Mar,Jun,Sept,Dec"
320,a,c,~210.0m,9.0,2012.0,0,,,
321,c,c ,8140.0,11.0,2013.0,1,10.0,2014.0,"Mar,Jun,Sept,Dec"
322,A,a,~17500.0,4.0,2001.0,1,37.0,2009.0,"Jan,Apr,Jul,Oct"
323,d,c,8400.0m,4.0,2012.0,1,5.0,2013.0,"Feb,May,Aug,Nov"
324,a,a,~13140.0m,,,1,14.0,2011.0,"Jan,Apr,Jul,Oct"
325,A,c ,350.0,3.0,2011.0,1,22.0,2011.0,"Feb,May,Aug,Nov"
326,d,a,~10070.0,5.0,2015.0,1,31.0,2013.0,"Feb,May,Aug,Nov"
327,c,c,1390.0m,12.0,2004.0,0,,,
328,A,a,~3130.0m,7.0,2002.0,0,,,
329,a,a ,1310.0,6.0,1990.0,1,22.0,2012.0,"Mar,Jun,Sept,Dec"
330,a,c,~370.0,,,1,22.0,2012.0,"Mar,Jun,Sept,Dec"
331,A,c,670.0m,,,1,14.0,2015.0,"Jan,Apr,Jul,Oct"
332,a,a,~1840.0m,3.0,2006.0,0,,,
333,a,c ,3720.0,2.0,2010.0,0,,,
334,D,c,~4040.0,8.0,2008.0,1,18.0,2013.0,"Mar,Jun,Sept,Dec"
335,b,a,90.0m,,,1,31.0,2013.0,"Jan,Apr,Jul,Oct"
336,a,a,~190.0m,7.0,2014.0,0,,,
337,D,c ,10600.0,7.0,2005.0,1,45.0,2014.0,"Feb,May,Aug,Nov"
338,a,c,~1590.0,,,1,37.0,2009.0,"Jan,Apr,Jul,Oct"
339,a,c,2280.0m,,,1,10.0,2013.0,"Mar,Jun,Sept,Dec"
340,A,c,~8080.0m,,,0,,,
341,a,a ,190.0,9.0,2011.0,0,,,
342,d,c,~15770.0,,,1,40.0,2014.0,"Jan,Apr,Jul,Oct"
343,D,a,18650.0m,4.0,2004.0,1,14.0,2014.0,"Jan,Apr,Jul,Oct"
344,a,c,~300.0m,4.0,2011.0,1,14.0,2011.0,"Jan,Apr,Jul,Oct"
345,a,a ,120.0,,,1,22.0,2012.0,"Jan,Apr,Jul,Oct"
346,A,c,~8090.0,,,0,,,
347,d,c,9360.0m,7.0,2013.0,1,22.0,2012.0,"Mar,Jun,Sept,Dec"
348,a,a,~16490.0m,,,1,22.0,2012.0,"Jan,Apr,Jul,Oct"
349,C,c ,1490.0,4.0,2009.0,0,,,
350,d,a,~8880.0,,,1,14.0,2011.0,"Jan,Apr,Jul,Oct"
351,a,a,5290.0m,11.0,2012.0,1,5.0,2013.0,"Feb,May,Aug,Nov"
352,D,c,~6360.0m,,,1,40.0,2012.0,"Mar,Jun,Sept,Dec"
353,b,b ,900.0,,,1,14.0,2013.0,"Feb,May,Aug,Nov"
354,d,c,~1500.0,10.0,2005.0,0,,,
355,A,c,9720.0m,8.0,2013.0,0,,,
356,d,c,~8970.0m,12.0,2007.0,1,22.0,2012.0,"Feb,May,Aug,Nov"
357,a,a ,2060.0,10.0,2008.0,0,,,
358,A,a,~2890.0,10.0,2003.0,0,,,
359,d,c,4370.0m,,,0,,,
360,a,a,~2040.0m,6.0,2007.0,0,,,
361,C,c ,4490.0,5.0,2014.0,1,5.0,2013.0,"Feb,May,Aug,Nov"
362,c,c,~340.0,,,0,,,
363,a,a,250.0m,9.0,2009.0,0,,,
364,A,c,~13620.0m,,,1,10.0,2014.0,"Mar,Jun,Sept,Dec"
365,c,a ,2410.0,,,1,45.0,2009.0,"Feb,May,Aug,Nov"
366,d,c,~6470.0,12.0,2004.0,0,,,
367,D,c,2640.0m,9.0,2012.0,0,,,
368,d,c,~1450.0m,4.0,2005.0,1,45.0,2009.0,"Feb,May,Aug,Nov"
369,d,c ,5870.0,4.0,2014.0,0,,,
370,D,a,~8250.0,10.0,2000.0,1,31.0,2009.0,"Jan,Apr,Jul,Oct"
371,d,c,1970.0m,7.0,2009.0,1,45.0,2014.0,"Feb,May,Aug,Nov"
372,d,c,~4880.0m,8.0,2010.0,1,18.0,2014.0,"Jan,Apr,Jul,Oct"
373,D,c ,11120.0,,,1,22.0,2012.0,"Jan,Apr,Jul,Oct"
374,a,a,~1150.0,9.0,2007.0,0,,,
375,a,c,15710.0m,2.0,2013.0,1,37.0,2009.0,"Jan,Apr,Jul,Oct"
376,A,a,~160.0m,8.0,2012.0,0,,,
377,a,c ,100.0,6.0,2010.0,1,18.0,2010.0,"Feb,May,Aug,Nov"
378,a,c,~2140.0,8.0,2012.0,0,,,
379,D,a,6630.0m,,,0,,,
380,a,a,~2240.0m,5.0,2013.0,1,10.0,2014.0,"Mar,Jun,Sept,Dec"
381,a,a ,1800.0,11.0,2006.0,1,5.0,2013.0,"Feb,May,Aug,Nov"
382,C,c,~26130.0,11.0,2002.0,0,,,
383,a,c,350.0m,,,0,,,
384,a,c,~130.0m,,,1,14.0,2011.0,"Jan,Apr,Jul,Oct"
385,D,a ,4580.0,9.0,2007.0,0,,,
386,d,c,~1460.0,4.0,2014.0,1,31.0,2013.0,"Jan,Apr,Jul,Oct"
387,c,a,210.0m,,,1,36.0,2013.0,"Mar,Jun,Sept,Dec"
388,A,a,~2260.0m,,,0,,,
389,a,c ,6690.0,8.0,2011.0,0,,,
390,a,c,~1600.0,4.0,2009.0,0,,,
391,A,a,460.0m,11.0,2014.0,1,31.0,2013.0,"Feb,May,Aug,Nov"
392,a,a,~2120.0m,,,0,,,
393,d,c ,4820.0,3.0,2008.0,0,,,
394,D,a,~10850.0,,,0,,,
395,a,a,3620.0m,2.0,2013.0,0,,,
396,a,c,~23130.0m,,,0,,,
397,A,c ,130.0,,,1,27.0,2013.0,"Feb,May,Aug,Nov"
398,c,c,~1540.0,,,1,1.0,2012.0,"Jan,Apr,Jul,Oct"
399,a,a,5360.0m,9.0,2012.0,1,40.0,2011.0,"Jan,Apr,Jul,Oct"
400,A,a,~70.0m,11.0,2004.0,1,14.0,2011.0,"Jan,Apr,Jul,Oct"
401,a,c ,9200.0,10.0,2009.0,1,14.0,2012.0,"Jan,Apr,Jul,Oct"
402,c,c,~5830.0,9.0,2011.0,1,13.0,2010.0,"Jan,Apr,Jul,Oct"
403,A,a,4970.0m,7.0,2015.0,0,,,
404,a,c,~1420.0m,,,1,10.0,2013.0,"Mar,Jun,Sept,Dec"
405,a,a ,1080.0,4.0,2008.0,1,14.0,2011.0,"Jan,Apr,Jul,Oct"
406,D,c,~8240.0,3.0,2001.0,1,10.0,2013.0,"Feb,May,Aug,Nov"
407,a,a,5890.0m,10.0,2003.0,1,14.0,2011.0,"Feb,May,Aug,Nov"
408,c,a,~1560.0m,,,1,45.0,2009.0,"Feb,May,Aug,Nov"
409,D,c ,840.0,,,1,1.0,2013.0,"Jan,Apr,Jul,Oct"
410,c,a,~40.0,11.0,2011.0,1,22.0,2012.0,"Mar,Jun,Sept,Dec"
411,d,c,8460.0m,,,0,,,
412,D,c,~4460.0m,,,1,39.0,2010.0,"Jan,Apr,Jul,Oct"
413,a,c ,760.0,9.0,2014.0,0,,,
414,d,c,~6210.0,,,1,1.0,2013.0,"Jan,Apr,Jul,Oct"
415,D,c,6910.0m,4.0,2005.0,0,,,
416,a,c,~4650.0m,6.0,2014.0,0,,,
417,a,c ,840.0,,,1,10.0,2014.0,"Jan,Apr,Jul,Oct"
418,A,a,~1060.0,5.0,2009.0,1,27.0,2011.0,"Feb,May,Aug,Nov"
419,c,a,1620.0m,9.0,2009.0,0,,,
420,d,c,~250.0m,,,1,27.0,2012.0,"Jan,Apr,Jul,Oct"
421,C,c ,3530.0,6.0,2012.0,1,35.0,2012.0,"Mar,Jun,Sept,Dec"
422,a,c,~2880.0,,,0,,,
423,b,a,1270.0m,5.0,2014.0,0,,,
424,D,c,~1250.0m,,,1,40.0,2011.0,"Jan,Apr,Jul,Oct"
425,d,c ,1460.0,,,0,,,
426,a,a,~250.0,,,0,,,
427,A,c,70.0m,7.0,2005.0,1,13.0,2010.0,"Jan,Apr,Jul,Oct"
428,d,a,~2960.0m,12.0,2014.0,1,23.0,2015.0,"Mar,Jun,Sept,Dec"
429,d,c ,16350.0,7.0,2005.0,1,31.0,2013.0,"Jan,Apr,Jul,Oct"
430,D,c,~12870.0,10.0,2008.0,0,,,
431,d,c,4520.0m,,,0,,,
432,a,a,~810.0m,5.0,2013.0,0,,,
433,A,c ,30030.0,11.0,2010.0,0,,,
434,a,a,~13020.0,8.0,2003.0,1,40.0,2014.0,"Jan,Apr,Jul,Oct"
435,a,a,910.0m,,,0,,,
436,D,a,~2300.0m,,,0,,,
437,c,c ,430.0,,,1,50.0,2010.0,"Jan,Apr,Jul,Oct"
438,d,c,~1110.0,,,1,40.0,2012.0,"Jan,Apr,Jul,Oct"
439,A,a,1350.0m,9.0,2009.0,0,,,
440,d,a,~3900.0m,4.0,2005.0,1,45.0,2009.0,"Feb,May,Aug,Nov"
441,d,a ,2530.0,,,0,,,
442,C,a,~500.0,,,1,45.0,2009.0,"Feb,May,Aug,Nov"
443,d,a,11400.0m,12.0,2005.0,0,,,
444,c,a,~1700.0m,11.0,2009.0,0,,,
445,A,a ,240.0,,,0,,,
446,a,a,~340.0,10.0,2000.0,1,31.0,2013.0,"Feb,May,Aug,Nov"
447,a,c,1510.0m,9.0,2013.0,0,,,
448,A,c,~3970.0m,9.0,2009.0,0,,,
449,a,c ,120.0,12.0,2014.0,1,37.0,2009.0,"Jan,Apr,Jul,Oct"
450,c,a,~5780.0,11.0,1994.0,1,10.0,2014.0,"Mar,Jun,Sept,Dec"
451,A,a,2460.0m,4.0,2009.0,1,13.0,2010.0,"Jan,Apr,Jul,Oct"
452,a,c,~1850.0m,8.0,2013.0,1,5.0,2011.0,"Feb,May,Aug,Nov"
453,a,c ,75860.0,,,0,,,
454,A,a,~26450.0,,,0,,,
455,d,c,7660.0m,9.0,2010.0,0,,,
456,a,c,~140.0m,,,0,,,
457,D,c ,13140.0,,,1,31.0,2013.0,"Jan,Apr,Jul,Oct"
458,c,a,~3390.0,,,0,,,
459,a,a,250.0m,9.0,2008.0,1,5.0,2013.0,"Feb,May,Aug,Nov"
460,A,a,~34050.0m,4.0,2008.0,0,,,
461,d,c ,1790.0,7.0,2013.0,1,40.0,2013.0,"Jan,Apr,Jul,Oct"
462,a,a,~44320.0,8.0,2008.0,0,,,
463,A,a,4160.0m,,,0,,,
464,c,a,~520.0m,3.0,2009.0,0,,,
465,d,c ,10890.0,4.0,2005.0,0,,,
466,A,c,~3110.0,3.0,2003.0,0,,,
467,a,c,20390.0m,4.0,2008.0,0,,,
468,c,c,~5260.0m,9.0,2012.0,0,,,
469,C,c ,710.0,9.0,2005.0,0,,,
470,a,c,~50.0,,,0,,,
471,d,a,5300.0m,,,1,45.0,2009.0,"Feb,May,Aug,Nov"
472,C,c,~5030.0m,8.0,2011.0,0,,,
473,a,a ,50.0,,,0,,,
474,c,a,~14810.0,,,1,14.0,2011.0,"Mar,Jun,Sept,Dec"
475,A,a,140.0m,9.0,2005.0,0,,,
476,d,a,~8300.0m,9.0,2006.0,0,,,
477,d,a ,770.0,7.0,2010.0,1,35.0,2010.0,"Jan,Apr,Jul,Oct"
478,D,c,~1940.0,3.0,2012.0,0,,,
479,a,a,320.0m,12.0,2005.0,1,9.0,2011.0,"Feb,May,Aug,Nov"
480,a,a,~300.0m,11.0,2012.0,0,,,
481,C,c ,7470.0,,,1,44.0,2012.0,"Feb,May,Aug,Nov"
482,c,a,~2550.0,10.0,2005.0,0,,,
483,a,c,2310.0m,9.0,2011.0,1,13.0,2010.0,"Jan,Apr,Jul,Oct"
484,A,c,~14300.0m,3.0,2011.0,0,,,
485,d,c ,3270.0,,,1,22.0,2012.0,"Jan,Apr,Jul,Oct"
486,a,a,~2320.0,,,1,31.0,2013.0,"Jan,Apr,Jul,Oct"
487,D,c,2180.0m,9.0,2012.0,1,40.0,2012.0,"Jan,Apr,Jul,Oct"
488,a,c,~2890.0m,4.0,2014.0,0,,,
489,a,a ,14960.0,11.0,2013.0,1,37.0,2009.0,"Jan,Apr,Jul,Oct"
490,A,a,~660.0,4.0,2013.0,1,40.0,2014.0,"Jan,Apr,Jul,Oct"
491,d,c,4680.0m,,,1,22.0,2012.0,"Mar,Jun,Sept,Dec"
492,a,a,~1740.0m,3.0,2008.0,1,40.0,2012.0,"Jan,Apr,Jul,Oct"
493,D,c ,1150.0,,,1,14.0,2011.0,"Jan,Apr,Jul,Oct"
494,b,a,~1260.0,6.0,2011.0,0,,,
495,d,a,5470.0m,,,1,37.0,2009.0,"Jan,Apr,Jul,Oct"
496,D,c,~2780.0m,6.0,2015.0,0,,,
497,a,c ,1610.0,,,0,,,
498,a,a,~990.0,,,1,40.0,2014.0,"Jan,Apr,Jul,Oct"
499,C,c,450.0m,,,1,5.0,2013.0,"Feb,May,Aug,Nov"
500,d,c,~10690.0m,9.0,2007.0,1,5.0,2013.0,"Jan,Apr,Jul,Oct"
501,a,c ,1620.0,9.0,2006.0,0,,,
502,A,a,~220.0,2.0,2002.0,1,37.0,2009.0,"Jan,Apr,Jul,Oct"
503,d,c,13080.0m,9.0,2006.0,1,14.0,2011.0,"Jan,Apr,Jul,Oct"
504,c,c,~820.0m,,,0,,,
505,A,a ,350.0,,,1,5.0,2013.0,"Feb,May,Aug,Nov"
506,a,a,~1850.0,12.0,2014.0,1,18.0,2011.0,"Feb,May,Aug,Nov"
507,a,c,9070.0m,4.0,2011.0,1,37.0,2009.0,"Jan,Apr,Jul,Oct"
508,A,c,~1280.0m,,,1,40.0,2011.0,"Jan,Apr,Jul,Oct"
509,a,a ,4740.0,7.0,2008.0,1,37.0,2009.0,"Jan,Apr,Jul,Oct"
510,a,c,~8260.0,,,0,,,
511,A,a,2060.0m,9.0,2009.0,0,,,
512,b,b,~590.0m,,,1,5.0,2013.0,"Mar,Jun,Sept,Dec"
513,a,a ,400.0,8.0,2013.0,0,,,
514,C,c,~1200.0,7.0,2012.0,1,27.0,2012.0,"Jan,Apr,Jul,Oct"
515,d,c,11260.0m,,,1,9.0,2011.0,"Feb,May,Aug,Nov"
516,a,c,~20.0m,,,1,35.0,2010.0,"Mar,Jun,Sept,Dec"
517,A,c ,22490.0,,,0,,,
518,d,c,~3330.0,3.0,2015.0,1,13.0,2010.0,"Jan,Apr,Jul,Oct"
519,c,c,2510.0m,8.0,2009.0,1,1.0,2012.0,"Jan,Apr,Jul,Oct"
520,A,c,~6900.0m,,,1,40.0,2012.0,"Mar,Jun,Sept,Dec"
521,d,a ,18610.0,11.0,2002.0,1,48.0,2011.0,"Mar,Jun,Sept,Dec"
522,d,c,~7160.0,11.0,2012.0,1,9.0,2011.0,"Jan,Apr,Jul,Oct"
523,C,c,50.0m,11.0,2013.0,0,,,
524,a,c,~40860.0m,9.0,2013.0,0,,,
525,d,c ,1870.0,9.0,2013.0,0,,,
526,A,a,~120.0,,,1,48.0,2011.0,"Mar,Jun,Sept,Dec"
527,d,c,5830.0m,4.0,2008.0,0,,,
528,a,c,~20620.0m,,,1,37.0,2009.0,"Jan,Apr,Jul,Oct"
529,D,c ,12920.0,9.0,2012.0,0,,,
530,a,c,~18160.0,,,0,,,
531,a,c,4030.0m,,,0,,,
532,A,c,~1070.0m,8.0,2010.0,0,,,
533,a,c ,5950.0,,,0,,,
534,d,a,~1200.0,9.0,2009.0,1,45.0,2009.0,"Jan,Apr,Jul,Oct"
535,A,a,3570.0m,4.0,2007.0,0,,,
536,a,c,~4700.0m,9.0,2002.0,1,31.0,2013.0,"Feb,May,Aug,Nov"
537,a,a ,600.0,5.0,2002.0,1,1.0,2012.0,"Jan,Apr,Jul,Oct"
538,A,a,~990.0,2.0,2010.0,0,,,
539,a,a,770.0m,5.0,2013.0,1,40.0,2014.0,"Jan,Apr,Jul,Oct"
540,d,c,~810.0m,,,1,48.0,2012.0,"Jan,Apr,Jul,Oct"
541,A,c ,650.0,7.0,1990.0,0,,,
542,a,a,~7280.0,9.0,2012.0,1,1.0,2013.0,"Jan,Apr,Jul,Oct"
543,c,a,1080.0m,12.0,2012.0,0,,,
544,A,a,~250.0m,12.0,2001.0,1,13.0,2010.0,"Jan,Apr,Jul,Oct"
545,a,c ,5020.0,5.0,2006.0,1,18.0,2014.0,"Feb,May,Aug,Nov"
546,a,a,~580.0,1.0,2005.0,0,,,
547,D,c,8990.0m,11.0,2009.0,1,35.0,2010.0,"Mar,Jun,Sept,Dec"
548,d,c,~3760.0m,2.0,2009.0,0,,,
549,a,c ,2330.0,,,0,,,
550,D,c,~50.0,6.0,2015.0,0,,,
551,a,c,2190.0m,9.0,2013.0,0,,,
552,a,a,~4260.0m,7.0,2008.0,1,37.0,2009.0,"Jan,Apr,Jul,Oct"
553,C,a ,3040.0,9.0,2002.0,1,13.0,2010.0,"Jan,Apr,Jul,Oct"
554,c,c,~1200.0,,,0,,,
555,d,a,1560.0m,1.0,2014.0,1,10.0,2013.0,"Mar,Jun,Sept,Dec"
556,D,c,~1140.0m,11.0,2014.0,0,,,
557,a,a ,250.0,,,0,,,
558,a,a,~3000.0,2.0,2010.0,0,,,
559,D,a,3910.0m,11.0,2006.0,1,5.0,2013.0,"Feb,May,Aug,Nov"
560,c,c,~1910.0m,7.0,2013.0,0,,,
561,d,a ,14300.0,,,0,,,
562,B,c,~1210.0,,,0,,,
563,a,a,700.0m,3.0,2015.0,1,10.0,2014.0,"Jan,Apr,Jul,Oct"
564,d,c,~6540.0m,,,1,14.0,2013.0,"Jan,Apr,Jul,Oct"
565,A,c ,160.0,7.0,2007.0,0,,,
566,a,a,~3620.0,,,1,40.0,2013.0,"Jan,Apr,Jul,Oct"
567,c,a,1010.0m,9.0,2012.0,1,18.0,2011.0,"Feb,May,Aug,Nov"
568,D,c,~4270.0m,,,1,1.0,2013.0,"Jan,Apr,Jul,Oct"
569,a,a ,1340.0,9.0,2006.0,0,,,
570,a,a,~180.0,11.0,2006.0,0,,,
571,D,a,2110.0m,11.0,1995.0,1,40.0,2014.0,"Jan,Apr,Jul,Oct"
572,d,c,~9230.0m,4.0,2004.0,1,37.0,2009.0,"Jan,Apr,Jul,Oct"
573,a,a ,1190.0,11.0,2012.0,1,36.0,2013.0,"Jan,Apr,Jul,Oct"
574,D,a,~4400.0,,,0,,,
575,a,a,960.0m,5.0,2008.0,1,13.0,2010.0,"Jan,Apr,Jul,Oct"
576,c,a,~50.0m,11.0,2006.0,0,,,
577,A,c ,2270.0,,,1,35.0,2012.0,"Mar,Jun,Sept,Dec"
578,d,a,~12700.0,4.0,2013.0,0,,,
579,c,a,20970.0m,11.0,2012.0,0,,,
580,A,c,~170.0m,2.0,2009.0,0,,,
581,a,a ,7250.0,12.0,2013.0,0,,,
582,a,a,~120.0,,,0,,,
583,A,a,2640.0m,11.0,2002.0,0,,,
584,d,a,~1360.0m,,,1,35.0,2010.0,"Mar,Jun,Sept,Dec"
585,d,c ,440.0,4.0,2014.0,0,,,
586,A,c,~250.0,10.0,2008.0,0,,,
587,d,c,330.0m,9.0,2006.0,1,14.0,2011.0,"Jan,Apr,Jul,Oct"
588,d,c,~15720.0m,3.0,2010.0,0,,,
589,A,c ,360.0,,,1,18.0,2013.0,"Feb,May,Aug,Nov"
590,d,c,~4520.0,9.0,2010.0,1,31.0,2013.0,"Jan,Apr,Jul,Oct"
591,a,c,3340.0m,,,1,22.0,2012.0,"Mar,Jun,Sept,Dec"
592,A,a,~2540.0m,6.0,2005.0,0,,,
593,a,c ,33060.0,3.0,2010.0,0,,,
594,a,a,~1790.0,10.0,2011.0,0,,,
595,C,c,1130.0m,6.0,2015.0,0,,,
596,c,a,~290.0m,9.0,2006.0,0,,,
597,a,a ,150.0,9.0,2008.0,1,1.0,2012.0,"Mar,Jun,Sept,Dec"
598,C,a,~550.0,12.0,2013.0,1,40.0,2014.0,"Jan,Apr,Jul,Oct"
599,d,c,580.0m,11.0,2014.0,0,,,
600,d,c,~17340.0m,6.0,2010.0,1,9.0,2011.0,"Feb,May,Aug,Nov"
601,D,a ,8220.0,4.0,2014.0,1,14.0,2011.0,"Jan,Apr,Jul,Oct"
602,a,a,~2710.0,7.0,2001.0,1,22.0,2012.0,"Mar,Jun,Sept,Dec"
603,a,a,340.0m,4.0,2007.0,1,13.0,2010.0,"Jan,Apr,Jul,Oct"
604,D,a,~10950.0m,3.0,2014.0,0,,,
605,d,a ,10310.0,4.0,2003.0,1,37.0,2009.0,"Jan,Apr,Jul,Oct"
606,a,a,~2260.0,11.0,2007.0,0,,,
607,A,a,350.0m,8.0,1999.0,1,14.0,2011.0,"Jan,Apr,Jul,Oct"
608,a,c,~18370.0m,2.0,2013.0,1,14.0,2011.0,"Jan,Apr,Jul,Oct"
609,a,a ,2070.0,9.0,2007.0,0,,,
610,A,a,~660.0,1.0,2007.0,0,,,
611,a,a,8080.0m,12.0,2002.0,1,40.0,2014.0,"Jan,Apr,Jul,Oct"
612,d,c,~2490.0m,11.0,2012.0,1,31.0,2009.0,"Jan,Apr,Jul,Oct"
613,C,a ,250.0,6.0,2007.0,1,14.0,2011.0,"Jan,Apr,Jul,Oct"
614,a,a,~1160.0,12.0,2012.0,0,,,
615,d,a,730.0m,8.0,2007.0,0,,,
616,A,c,~3040.0m,8.0,2011.0,1,35.0,2010.0,"Mar,Jun,Sept,Dec"
617,a,c ,8940.0,,,1,9.0,2011.0,"Jan,Apr,Jul,Oct"
618,d,c,~9910.0,,,0,,,
619,A,a,1600.0m,6.0,2006.0,1,45.0,2009.0,"Feb,May,Aug,Nov"
620,d,c,~5440.0m,,,1,40.0,2014.0,"Jan,Apr,Jul,Oct"
621,a,a ,30.0,7.0,2002.0,0,,,
622,A,c,,,,0,,,
623,a,a,4080.0m,3.0,2011.0,1,13.0,2010.0,"Jan,Apr,Jul,Oct"
624,a,c,~6920.0m,9.0,2011.0,0,,,
625,A,a ,1170.0,4.0,2011.0,1,22.0,2012.0,"Feb,May,Aug,Nov"
626,c,c,~10740.0,11.0,2013.0,0,,,
627,c,c,3970.0m,3.0,2010.0,0,,,
628,A,c,~2180.0m,,,0,,,
629,d,a ,510.0,7.0,2014.0,1,23.0,2015.0,"Mar,Jun,Sept,Dec"
630,a,a,~1690.0,4.0,2015.0,0,,,
631,D,c,2870.0m,,,1,35.0,2012.0,"Mar,Jun,Sept,Dec"
632,a,a,~3350.0m,2.0,2010.0,0,,,
633,d,a ,11640.0,4.0,2005.0,1,22.0,2011.0,"Jan,Apr,Jul,Oct"
634,D,a,~18610.0,,,0,,,
635,a,a,27530.0m,4.0,2014.0,0,,,
636,c,a,~720.0m,10.0,2004.0,1,13.0,2010.0,"Jan,Apr,Jul,Oct"
637,D,c ,9790.0,,,1,31.0,2009.0,"Feb,May,Aug,Nov"
638,d,a,~10170.0,11.0,2001.0,0,,,
639,a,a,7780.0m,11.0,2006.0,0,,,
640,D,c,~8040.0m,,,0,,,
641,a,c ,610.0,12.0,2003.0,1,36.0,2013.0,"Mar,Jun,Sept,Dec"
642,c,c,~530.0,4.0,2005.0,1,35.0,2010.0,"Mar,Jun,Sept,Dec"
643,A,a,230.0m,6.0,2010.0,1,18.0,2010.0,"Feb,May,Aug,Nov"
644,c,a,~4030.0m,12.0,2004.0,1,14.0,2011.0,"Jan,Apr,Jul,Oct"
645,a,a ,90.0,,,1,45.0,2009.0,"Feb,May,Aug,Nov"
646,A,a,~620.0,9.0,2014.0,0,,,
647,a,c,7420.0m,4.0,2013.0,0,,,
648,d,a,~2130.0m,12.0,2008.0,0,,,
649,A,a ,14570.0,11.0,2002.0,0,,,
650,a,a,~1420.0,10.0,2012.0,1,40.0,2014.0,"Jan,Apr,Jul,Oct"
651,a,a,200.0m,,,0,,,
652,A,a,~20390.0m,,,0,,,
653,d,c ,7520.0,7.0,2014.0,1,45.0,2009.0,"Feb,May,Aug,Nov"
654,c,a,~6930.0,9.0,2006.0,0,,,
655,D,c,960.0m,11.0,2012.0,1,5.0,2013.0,"Feb,May,Aug,Nov"
656,d,a,~410.0m,4.0,2009.0,1,13.0,2010.0,"Jan,Apr,Jul,Oct"
657,c,c ,80.0,1.0,2006.0,1,10.0,2014.0,"Jan,Apr,Jul,Oct"
658,D,c,~520.0,,,1,37.0,2009.0,"Jan,Apr,Jul,Oct"
659,d,a,1590.0m,3.0,2012.0,0,,,
660,a,a,~1200.0m,11.0,2006.0,1,40.0,2014.0,"Jan,Apr,Jul,Oct"
661,D,c ,2140.0,7.0,2013.0,0,,,
662,d,a,~1070.0,,,0,,,
663,a,c,7860.0m,5.0,2005.0,0,,,
664,D,c,~1680.0m,10.0,2005.0,0,,,
665,a,a ,90.0,12.0,2012.0,1,14.0,2011.0,"Jan,Apr,Jul,Oct"
666,c,c,~2700.0,,,1,9.0,2011.0,"Mar,Jun,Sept,Dec"
667,D,c,2870.0m,9.0,2012.0,0,,,
668,c,a,~1270.0m,9.0,2010.0,0,,,
669,d,a ,17080.0,7.0,2012.0,1,31.0,2013.0,"Jan,Apr,Jul,Oct"
670,A,a,~2060.0,,,1,45.0,2009.0,"Feb,May,Aug,Nov"
671,a,c,2070.0m,2.0,2008.0,1,39.0,2010.0,"Jan,Apr,Jul,Oct"
672,c,a,~240.0m,9.0,2002.0,0,,,
673,D,c ,15170.0,,,1,5.0,2013.0,"Feb,May,Aug,Nov"
674,a,a,~2640.0,12.0,2005.0,1,31.0,2013.0,"Feb,May,Aug,Nov"
675,a,a,2100.0m,8.0,2013.0,1,14.0,2011.0,"Jan,Apr,Jul,Oct"
676,B,b,~1410.0m,9.0,2008.0,0,,,
677,d,a ,1740.0,6.0,2014.0,1,45.0,2009.0,"Feb,May,Aug,Nov"
678,c,a,~3250.0,,,1,40.0,2011.0,"Jan,Apr,Jul,Oct"
679,A,a,4140.0m,9.0,2012.0,0,,,
680,c,a,~170.0m,,,1,35.0,2012.0,"Mar,Jun,Sept,Dec"
681,a,c ,620.0,,,1,1.0,2014.0,"Mar,Jun,Sept,Dec"
682,B,a,~150.0,9.0,2006.0,0,,,
683,a,a,2850.0m,7.0,2014.0,0,,,
684,d,c,~680.0m,,,1,22.0,2012.0,"Jan,Apr,Jul,Oct"
685,A,a ,650.0,11.0,2013.0,1,37.0,2009.0,"Jan,Apr,Jul,Oct"
686,a,a,~20050.0,4.0,2002.0,0,,,
687,d,c,2770.0m,,,0,,,
688,A,a,~18760.0m,8.0,2015.0,1,14.0,2011.0,"Jan,Apr,Jul,Oct"
689,d,a ,15040.0,10.0,2004.0,0,,,
690,a,a,~100.0,,,0,,,
691,D,c,3030.0m,,,1,37.0,2009.0,"Jan,Apr,Jul,Oct"
692,a,a,~40.0m,8.0,2001.0,0,,,
693,d,a ,450.0,,,1,40.0,2011.0,"Jan,Apr,Jul,Oct"
694,A,c,~460.0,11.0,2012.0,1,40.0,2014.0,"Jan,Apr,Jul,Oct"
695,a,a,550.0m,7.0,2011.0,1,1.0,2012.0,"Jan,Apr,Jul,Oct"
696,a,c,~430.0m,,,0,,,
697,D,a ,3780.0,,,1,40.0,2011.0,"Jan,Apr,Jul,Oct"
698,a,a,~1790.0,5.0,2011.0,0,,,
699,a,a,180.0m,,,1,5.0,2013.0,"Jan,Apr,Jul,Oct"
700,A,c,~830.0m,,,1,27.0,2013.0,"Jan,Apr,Jul,Oct"
701,d,a ,1450.0,3.0,2012.0,1,14.0,2011.0,"Jan,Apr,Jul,Oct"
702,a,a,~8550.0,9.0,2001.0,1,45.0,2009.0,"Feb,May,Aug,Nov"
703,A,a,80.0m,6.0,2005.0,0,,,
704,d,c,~1910.0m,4.0,2009.0,0,,,
705,a,a ,4140.0,9.0,2012.0,1,18.0,2011.0,"Feb,May,Aug,Nov"
706,D,a,~7830.0,9.0,2014.0,1,10.0,2014.0,"Mar,Jun,Sept,Dec"
707,a,c,2900.0m,7.0,1990.0,0,,,
708,c,c,~11470.0m,10.0,2009.0,1,18.0,2014.0,"Jan,Apr,Jul,Oct"
709,A,a ,500.0,12.0,2010.0,0,,,
710,d,a,~1500.0,9.0,2008.0,1,14.0,2011.0,"Jan,Apr,Jul,Oct"
711,d,a,17110.0m,3.0,2007.0,1,5.0,2010.0,"Jan,Apr,Jul,Oct"
712,A,a,~4870.0m,9.0,2007.0,1,45.0,2009.0,"Jan,Apr,Jul,Oct"
713,a,c ,220.0,,,1,10.0,2014.0,"Jan,Apr,Jul,Oct"
714,d,c,~12070.0,10.0,2005.0,1,10.0,2013.0,"Jan,Apr,Jul,Oct"
715,A,a,14810.0m,6.0,2014.0,0,,,
716,d,a,~3200.0m,1.0,2008.0,1,22.0,2011.0,"Jan,Apr,Jul,Oct"
717,d,c ,310.0,,,1,40.0,2011.0,"Jan,Apr,Jul,Oct"
718,A,a,~1100.0,6.0,2015.0,0,,,
719,c,c,8190.0m,,,1,45.0,2009.0,"Feb,May,Aug,Nov"
720,a,c,~15320.0m,3.0,2011.0,1,14.0,2013.0,"Feb,May,Aug,Nov"
721,A,c ,3590.0,9.0,2012.0,1,22.0,2012.0,"Mar,Jun,Sept,Dec"
722,a,a,~50.0,,,0,,,
723,d,c,5650.0m,9.0,2008.0,1,5.0,2013.0,"Feb,May,Aug,Nov"
724,D,c,~5900.0m,,,0,,,
725,d,c ,17540.0,6.0,2012.0,0,,,
726,a,c,~40540.0,2.0,2002.0,0,,,
727,A,a,2050.0m,3.0,2007.0,0,,,
728,d,a,~13990.0m,,,1,14.0,2011.0,"Jan,Apr,Jul,Oct"
729,c,c ,8980.0,6.0,2011.0,0,,,
730,C,a,~1190.0,9.0,2013.0,0,,,
731,a,a,15270.0m,,,1,10.0,2014.0,"Jan,Apr,Jul,Oct"
732,a,c,~35280.0m,,,0,,,
733,B,b ,860.0,10.0,1999.0,0,,,
734,a,a,~220.0,,,1,36.0,2013.0,"Mar,Jun,Sept,Dec"
735,d,c,1920.0m,4.0,2005.0,0,,,
736,C,c,~1650.0m,,,1,14.0,2011.0,"Jan,Apr,Jul,Oct"
737,a,a ,100.0,5.0,2007.0,1,31.0,2013.0,"Jan,Apr,Jul,Oct"
738,d,c,~5980.0,10.0,2005.0,0,,,
739,D,c,2770.0m,6.0,2008.0,1,22.0,2011.0,"Jan,Apr,Jul,Oct"
740,d,a,~6400.0m,3.0,2014.0,0,,,
741,d,c ,11900.0,,,0,,,
742,D,c,~4380.0,,,0,,,
743,a,a,6710.0m,11.0,2003.0,1,14.0,2012.0,"Jan,Apr,Jul,Oct"
744,a,a,~1370.0m,12.0,2011.0,1,40.0,2014.0,"Jan,Apr,Jul,Oct"
745,A,a ,17650.0,11.0,2013.0,1,37.0,2009.0,"Jan,Apr,Jul,Oct"
746,d,c,~4330.0,2.0,2011.0,1,35.0,2011.0,"Mar,Jun,Sept,Dec"
747,c,c,45740.0m,8.0,2008.0,0,,,
748,D,a,~2380.0m,3.0,2010.0,1,14.0,2011.0,"Jan,Apr,Jul,Oct"
749,a,a ,3410.0,8.0,2011.0,1,14.0,2015.0,"Jan,Apr,Jul,Oct"
750,d,a,~8670.0,2.0,2002.0,1,14.0,2011.0,"Jan,Apr,Jul,Oct"
751,A,a,650.0m,10.0,2006.0,0,,,
752,a,a,~970.0m,3.0,2013.0,1,31.0,2013.0,"Feb,May,Aug,Nov"
753,d,c ,540.0,11.0,2012.0,1,35.0,2010.0,"Mar,Jun,Sept,Dec"
754,C,c,~380.0,5.0,2008.0,1,10.0,2014.0,"Mar,Jun,Sept,Dec"
755,d,c,13130.0m,12.0,2003.0,0,,,
756,a,c,~50.0m,,,1,40.0,2011.0,"Jan,Apr,Jul,Oct"
757,A,c ,3450.0,,,0,,,
758,a,c,~19780.0,6.0,2008.0,0,,,
759,a,a,110.0m,11.0,2012.0,1,31.0,2013.0,"Feb,May,Aug,Nov"
760,A,a,~560.0m,1.0,2011.0,0,,,
761,a,a ,2390.0,9.0,2012.0,0,,,
762,d,c,~1280.0,,,1,10.0,2013.0,"Mar,Jun,Sept,Dec"
763,D,c,32240.0m,3.0,2010.0,0,,,
764,a,c,~26490.0m,,,1,10.0,2014.0,"Mar,Jun,Sept,Dec"
765,a,c ,25430.0,5.0,1999.0,1,37.0,2009.0,"Jan,Apr,Jul,Oct"
766,D,c,~9820.0,,,0,,,
767,a,c,13080.0m,,,0,,,
768,a,c,~2630.0m,9.0,2012.0,0,,,
769,B,b ,840.0,,,1,48.0,2012.0,"Jan,Apr,Jul,Oct"
770,a,c,~100.0,4.0,2015.0,0,,,
771,a,a,20640.0m,9.0,2007.0,0,,,
772,D,c,~1850.0m,,,0,,,
773,a,a ,200.0,,,0,,,
774,a,c,~640.0,9.0,2013.0,0,,,
775,D,c,6970.0m,12.0,2005.0,1,22.0,2011.0,"Jan,Apr,Jul,Oct"
776,c,a,~700.0m,4.0,2009.0,1,14.0,2011.0,"Jan,Apr,Jul,Oct"
777,d,c ,8250.0,10.0,2004.0,1,10.0,2013.0,"Mar,Jun,Sept,Dec"
778,A,a,~340.0,6.0,2003.0,1,40.0,2014.0,"Jan,Apr,Jul,Oct"
779,a,a,16990.0m,4.0,2004.0,0,,,
780,a,a,~18160.0m,,,0,,,
781,A,a ,630.0,4.0,2007.0,0,,,
782,c,c,~5390.0,8.0,2003.0,1,1.0,2012.0,"Jan,Apr,Jul,Oct"
783,d,c,15490.0m,,,0,,,
784,A,a,~560.0m,10.0,2014.0,1,10.0,2014.0,"Jan,Apr,Jul,Oct"
785,d,c ,970.0,7.0,2005.0,1,31.0,2013.0,"Feb,May,Aug,Nov"
786,a,a,~290.0,11.0,2006.0,1,5.0,2013.0,"Feb,May,Aug,Nov"
787,C,c,3210.0m,6.0,2009.0,0,,,
788,a,c,~1530.0m,3.0,2013.0,0,,,
789,a,c ,9770.0,7.0,2003.0,0,,,
790,D,c,~9070.0,12.0,2003.0,0,,,
791,a,a,5950.0m,4.0,2007.0,0,,,
792,d,a,~17280.0m,10.0,2009.0,1,18.0,2011.0,"Feb,May,Aug,Nov"
793,D,a ,2710.0,7.0,2006.0,0,,,
794,c,c,~5090.0,9.0,2006.0,0,,,
795,d,a,510.0m,,,1,35.0,2010.0,"Mar,Jun,Sept,Dec"
796,A,c,~7180.0m,11.0,2012.0,0,,,
797,a,a ,2090.0,10.0,2012.0,1,40.0,2014.0,"Jan,Apr,Jul,Oct"
798,a,a,~9560.0,4.0,2001.0,0,,,
799,A,c,2700.0m,,,0,,,
800,d,a,~2020.0m,7.0,2014.0,0,,,
801,d,a ,48330.0,4.0,2013.0,0,,,
802,A,c,~910.0,,,1,22.0,2011.0,"Feb,May,Aug,Nov"
803,d,a,1760.0m,,,1,10.0,2014.0,"Mar,Jun,Sept,Dec"
804,c,c,~2100.0m,,,1,1.0,2013.0,"Jan,Apr,Jul,Oct"
805,D,a ,24770.0,10.0,2011.0,1,10.0,2014.0,"Mar,Jun,Sept,Dec"
806,d,a,~260.0,,,1,44.0,2010.0,"Feb,May,Aug,Nov"
807,a,a,3870.0m,4.0,2008.0,0,,,
808,A,a,~18620.0m,,,1,31.0,2009.0,"Feb,May,Aug,Nov"
809,a,a ,12770.0,10.0,2000.0,0,,,
810,d,c,~9640.0,11.0,2013.0,0,,,
811,A,a,410.0m,9.0,2012.0,0,,,
812,d,a,~2590.0m,9.0,2012.0,0,,,
813,a,a ,1560.0,9.0,2003.0,0,,,
814,D,c,~24530.0,7.0,2013.0,0,,,
815,a,a,590.0m,1.0,1900.0,1,40.0,2014.0,"Jan,Apr,Jul,Oct"
816,c,c,~460.0m,,,0,,,
817,A,a ,140.0,3.0,2006.0,0,,,
818,d,a,~490.0,,,1,35.0,2010.0,"Mar,Jun,Sept,Dec"
819,a,c,720.0m,10.0,2014.0,0,,,
820,A,c,~1650.0m,,,1,40.0,2014.0,"Jan,Apr,Jul,Oct"
821,a,a ,1700.0,9.0,2009.0,0,,,
822,a,c,~410.0,11.0,2010.0,1,48.0,2010.0,"Mar,Jun,Sept,Dec"
823,A,c,16210.0m,11.0,2010.0,0,,,
824,a,a,~17570.0m,,,0,,,
825,a,a ,380.0,5.0,2011.0,1,40.0,2014.0,"Jan,Apr,Jul,Oct"
826,A,c,~7980.0,6.0,2005.0,0,,,
827,a,c,250.0m,1.0,2005.0,0,,,
828,d,c,~3290.0m,12.0,2014.0,0,,,
829,C,a ,110.0,,,0,,,
830,a,c,~6320.0,,,1,5.0,2011.0,"Jan,Apr,Jul,Oct"
831,a,a,800.0m,6.0,2007.0,0,,,
832,D,a,~5070.0m,,,1,45.0,2009.0,"Feb,May,Aug,Nov"
833,d,c ,3290.0,12.0,1999.0,1,35.0,2010.0,"Mar,Jun,Sept,Dec"
834,a,a,~3470.0,3.0,2012.0,0,,,
835,A,a,2890.0m,12.0,2007.0,1,10.0,2014.0,"Mar,Jun,Sept,Dec"
836,a,a,~2720.0m,9.0,2012.0,0,,,
837,a,c ,14600.0,4.0,2015.0,0,,,
838,D,c,~6890.0,,,1,48.0,2011.0,"Mar,Jun,Sept,Dec"
839,c,a,240.0m,1.0,2015.0,0,,,
840,a,a,~1070.0m,9.0,2009.0,0,,,
841,A,a ,27650.0,8.0,2004.0,0,,,
842,d,c,~1200.0,11.0,2007.0,0,,,
843,c,a,60.0m,4.0,2006.0,0,,,
844,A,a,~2030.0m,9.0,2012.0,1,18.0,2011.0,"Feb,May,Aug,Nov"
845,d,a ,7860.0,11.0,2005.0,1,14.0,2011.0,"Jan,Apr,Jul,Oct"
846,a,c,~8860.0,4.0,2004.0,1,37.0,2009.0,"Jan,Apr,Jul,Oct"
847,C,c,190.0m,,,1,31.0,2013.0,"Feb,May,Aug,Nov"
848,a,c,~370.0m,7.0,2007.0,1,14.0,2011.0,"Jan,Apr,Jul,Oct"
849,c,c ,5000.0,,,0,,,
850,D,a,~1120.0,5.0,2007.0,1,31.0,2013.0,"Jan,Apr,Jul,Oct"
851,d,c,2330.0m,,,1,49.0,2014.0,"Mar,Jun,Sept,Dec"
852,c,a,~940.0m,4.0,2004.0,1,14.0,2011.0,"Jan,Apr,Jul,Oct"
853,A,a ,14040.0,,,0,,,
854,c,a,~4770.0,,,1,13.0,2010.0,"Jan,Apr,Jul,Oct"
855,a,a,3440.0m,,,1,45.0,2009.0,"Feb,May,Aug,Nov"
856,A,a,~3020.0m,2.0,2010.0,0,,,
857,c,a ,6270.0,8.0,2005.0,1,23.0,2014.0,"Mar,Jun,Sept,Dec"
858,a,a,~3370.0,12.0,2008.0,1,40.0,2014.0,"Jan,Apr,Jul,Oct"
859,C,a,21770.0m,7.0,2015.0,0,,,
860,c,c,~5980.0m,2.0,2010.0,0,,,
861,c,c ,740.0,,,1,14.0,2013.0,"Mar,Jun,Sept,Dec"
862,A,c,~2840.0,3.0,2010.0,1,14.0,2011.0,"Jan,Apr,Jul,Oct"
863,a,c,21370.0m,11.0,2010.0,0,,,
864,a,a,~1020.0m,10.0,2012.0,1,45.0,2009.0,"Feb,May,Aug,Nov"
865,D,c ,2640.0,,,0,,,
866,d,a,~9680.0,,,1,5.0,2013.0,"Feb,May,Aug,Nov"
867,d,c,21810.0m,9.0,2012.0,0,,,
868,D,c,~1360.0m,8.0,2005.0,1,10.0,2014.0,"Jan,Apr,Jul,Oct"
869,c,a ,230.0,10.0,2001.0,1,14.0,2011.0,"Jan,Apr,Jul,Oct"
870,a,a,~780.0,4.0,2009.0,0,,,
871,D,c,10620.0m,,,0,,,
872,a,c,~3860.0m,9.0,2014.0,1,23.0,2015.0,"Mar,Jun,Sept,Dec"
873,a,a ,2040.0,11.0,2008.0,0,,,
874,A,a,~3210.0,,,0,,,
875,d,a,5070.0m,11.0,2007.0,1,18.0,2015.0,"Feb,May,Aug,Nov"
876,a,a,~21790.0m,4.0,2005.0,1,18.0,2015.0,"Feb,May,Aug,Nov"
877,A,c ,29190.0,,,0,,,
878,d,c,~1100.0,12.0,2014.0,0,,,
879,d,a,,,,1,5.0,2013.0,"Feb,May,Aug,Nov"
880,A,c,~4570.0m,,,0,,,
881,a,a ,180.0,3.0,2008.0,1,31.0,2013.0,"Feb,May,Aug,Nov"
882,a,a,~30.0,4.0,2013.0,0,,,
883,A,a,3200.0m,6.0,2005.0,0,,,
884,d,c,~7550.0m,,,0,,,
885,a,a ,480.0,12.0,2005.0,0,,,
886,A,c,~12430.0,10.0,2004.0,0,,,
887,d,a,19700.0m,,,1,37.0,2009.0,"Jan,Apr,Jul,Oct"
888,d,a,~4450.0m,6.0,2012.0,1,35.0,2012.0,"Mar,Jun,Sept,Dec"
889,D,a ,18670.0,12.0,2005.0,0,,,
890,a,a,~4450.0,,,1,14.0,2011.0,"Jan,Apr,Jul,Oct"
891,a,c,350.0m,,,1,31.0,2013.0,"Feb,May,Aug,Nov"
892,A,a,~19370.0m,4.0,2002.0,0,,,
893,a,a ,130.0,,,1,1.0,2013.0,"Jan,Apr,Jul,Oct"
894,a,a,~190.0,11.0,2012.0,0,,,
895,A,c,4150.0m,,,0,,,
896,a,c,~170.0m,9.0,2012.0,0,,,
897,c,c ,3290.0,1.0,2007.0,1,5.0,2013.0,"Feb,May,Aug,Nov"
898,A,a,~18540.0,,,0,,,
899,d,a,2590.0m,,,1,13.0,2010.0,"Jan,Apr,Jul,Oct"
900,a,a,~3920.0m,4.0,2005.0,1,40.0,2014.0,"Jan,Apr,Jul,Oct"
901,A,c ,3170.0,4.0,2014.0,0,,,
902,a,a,~310.0,5.0,2015.0,1,40.0,2014.0,"Jan,Apr,Jul,Oct"
903,d,c,7290.0m,9.0,2014.0,0,,,
904,D,c,~570.0m,7.0,2013.0,1,14.0,2011.0,"Jan,Apr,Jul,Oct"
905,a,a ,90.0,6.0,2014.0,0,,,
906,a,a,~90.0,7.0,2010.0,0,,,
907,A,c,250.0m,,,0,,,
908,a,a,~1980.0m,7.0,2010.0,1,37.0,2009.0,"Jan,Apr,Jul,Oct"
909,a,c ,1680.0,,,1,45.0,2009.0,"Feb,May,Aug,Nov"
910,D,c,~12480.0,,,1,1.0,2013.0,"Jan,Apr,Jul,Oct"
911,a,c,16490.0m,,,0,,,
912,c,c,~3100.0m,5.0,2010.0,0,,,
913,A,a ,280.0,,,0,,,
914,c,c,~2640.0,4.0,2011.0,1,22.0,2012.0,"Mar,Jun,Sept,Dec"
915,d,c,650.0m,3.0,2013.0,1,40.0,2014.0,"Jan,Apr,Jul,Oct"
916,A,a,~90.0m,11.0,2012.0,0,,,
917,a,a ,7240.0,2.0,2010.0,0,,,
918,a,c,~18710.0,4.0,2015.0,0,,,
919,A,a,2620.0m,,,1,45.0,2009.0,"Feb,May,Aug,Nov"
920,a,a,~850.0m,2.0,2012.0,1,40.0,2014.0,"Jan,Apr,Jul,Oct"
921,a,a ,840.0,9.0,2006.0,0,,,
922,D,a,~2110.0,3.0,2006.0,0,,,
923,a,a,280.0m,9.0,2008.0,0,,,
924,a,a,~6420.0m,4.0,2011.0,1,1.0,2012.0,"Jan,Apr,Jul,Oct"
925,C,a ,470.0,3.0,2007.0,1,1.0,2012.0,"Jan,Apr,Jul,Oct"
926,d,c,~5150.0,3.0,2011.0,1,13.0,2010.0,"Jan,Apr,Jul,Oct"
927,a,a,480.0m,,,0,,,
928,D,c,~1090.0m,,,1,31.0,2013.0,"Feb,May,Aug,Nov"
929,a,c ,4820.0,9.0,2013.0,0,,,
930,a,a,~70.0,,,0,,,
931,A,c,1480.0m,9.0,2011.0,1,1.0,2012.0,"Jan,Apr,Jul,Oct"
932,a,a,~15700.0m,,,1,13.0,2010.0,"Jan,Apr,Jul,Oct"
933,a,c ,6270.0,2.0,2005.0,0,,,
934,A,c,~5460.0,,,1,14.0,2011.0,"Jan,Apr,Jul,Oct"
935,a,c,22350.0m,6.0,2010.0,0,,,
936,a,a,~580.0m,2.0,2008.0,0,,,
937,D,a ,2810.0,,,1,10.0,2014.0,"Jan,Apr,Jul,Oct"
938,a,a,~2820.0,9.0,2009.0,0,,,
939,d,a,1340.0m,,,0,,,
940,D,c,~6470.0m,9.0,2012.0,0,,,
941,a,a ,1200.0,12.0,2011.0,1,31.0,2013.0,"Jan,Apr,Jul,Oct"
942,d,c,~6860.0,,,1,18.0,2011.0,"Jan,Apr,Jul,Oct"
943,D,c,18020.0m,,,0,,,
944,c,a,~1670.0m,7.0,2015.0,0,,,
945,a,c ,12480.0,3.0,2011.0,0,,,
946,A,a,~2220.0,12.0,2011.0,1,14.0,2015.0,"Jan,Apr,Jul,Oct"
947,a,a,460.0m,3.0,2014.0,1,13.0,2010.0,"Jan,Apr,Jul,Oct"
948,b,b,~1430.0m,,,0,,,
949,A,a ,870.0,3.0,2006.0,0,,,
950,a,a,~8460.0,11.0,1994.0,0,,,
951,d,c,710.0m,,,1,40.0,2011.0,"Jan,Apr,Jul,Oct"
952,D,c,~6300.0m,10.0,2013.0,0,,,
953,a,a ,19830.0,4.0,2006.0,1,22.0,2011.0,"Mar,Jun,Sept,Dec"
954,a,a,~390.0,2.0,2013.0,1,10.0,2014.0,"Jan,Apr,Jul,Oct"
955,D,c,1690.0m,7.0,2009.0,1,36.0,2013.0,"Mar,Jun,Sept,Dec"
956,a,a,~2330.0m,10.0,2014.0,1,18.0,2011.0,"Feb,May,Aug,Nov"
957,d,c ,1420.0,11.0,2012.0,0,,,
958,A,a,~440.0,11.0,2013.0,0,,,
959,a,c,1060.0m,12.0,2005.0,0,,,
960,d,a,~8990.0m,,,1,31.0,2009.0,"Feb,May,Aug,Nov"
961,D,c ,9430.0,,,0,,,
962,c,a,~260.0,,,0,,,
963,a,c,23620.0m,11.0,2013.0,0,,,
964,A,a,~270.0m,,,1,5.0,2013.0,"Feb,May,Aug,Nov"
965,a,c ,110.0,,,0,,,
966,a,a,~760.0,2.0,2008.0,0,,,
967,A,c,3560.0m,9.0,2013.0,1,36.0,2013.0,"Jan,Apr,Jul,Oct"
968,c,a,~1190.0m,,,0,,,
969,a,c ,600.0,11.0,1999.0,1,10.0,2013.0,"Jan,Apr,Jul,Oct"
970,A,a,~910.0,12.0,2014.0,1,37.0,2009.0,"Jan,Apr,Jul,Oct"
971,c,a,1140.0m,5.0,2011.0,1,14.0,2012.0,"Mar,Jun,Sept,Dec"
972,a,a,~14960.0m,,,0,,,
973,D,c ,330.0,,,1,28.0,2012.0,"Jan,Apr,Jul,Oct"
974,a,a,~150.0,3.0,2011.0,1,40.0,2014.0,"Jan,Apr,Jul,Oct"
975,a,c,9630.0m,,,1,14.0,2011.0,"Jan,Apr,Jul,Oct"
976,A,a,~4180.0m,,,0,,,
977,a,a ,520.0,9.0,2005.0,1,13.0,2010.0,"Jan,Apr,Jul,Oct"
978,c,c,~3890.0,,,0,,,
979,A,c,2270.0m,11.0,2005.0,1,14.0,2011.0,"Jan,Apr,Jul,Oct"
980,a,a,~4420.0m,9.0,2005.0,0,,,
981,d,c ,2620.0,11.0,2002.0,0,,,
982,D,a,~21930.0,,,0,,,
983,a,a,40.0m,3.0,2014.0,1,1.0,2014.0,"Jan,Apr,Jul,Oct"
984,c,a,~440.0m,,,1,1.0,2013.0,"Jan,Apr,Jul,Oct"
985,C,c ,490.0,5.0,2007.0,1,13.0,2010.0,"Jan,Apr,Jul,Oct"
986,a,a,~620.0,10.0,2014.0,1,18.0,2014.0,"Feb,May,Aug,Nov"
987,c,a,1690.0m,6.0,2007.0,0,,,
988,A,a,~30.0m,11.0,2012.0,0,,,
989,a,a ,1640.0,6.0,2006.0,1,40.0,2011.0,"Jan,Apr,Jul,Oct"
990,d,a,~20930.0,,,0,,,
991,A,a,1010.0m,,,0,,,
992,a,a,~2480.0m,7.0,1990.0,0,,,
993,d,c ,3460.0,10.0,2013.0,1,10.0,2014.0,"Jan,Apr,Jul,Oct"
994,A,a,~2290.0,7.0,2011.0,1,1.0,2012.0,"Jan,Apr,Jul,Oct"
995,d,a,6560.0m,12.0,2013.0,0,,,
996,c,a,~2870.0m,7.0,2015.0,1,13.0,2010.0,"Jan,Apr,Jul,Oct"
997,D,c ,5840.0,7.0,2010.0,1,37.0,2009.0,"Jan,Apr,Jul,Oct"
998,a,a,~780.0,9.0,2005.0,1,5.0,2013.0,"Feb,May,Aug,Nov"
999,d,c,15140.0m,2.0,2002.0,1,37.0,2009.0,"Jan,Apr,Jul,Oct"
1000,A,c,~2230.0m,5.0,2009.0,1,40.0,2014.0,"Jan,Apr,Jul,Oct"
1001,c,a ,19640.0,,,1,14.0,2011.0,"Jan,Apr,Jul,Oct"
1002,d,c,~1130.0,11.0,2008.0,0,,,
1003,A,a,170.0m,7.0,2013.0,1,27.0,2013.0,"Jan,Apr,Jul,Oct"
1004,d,c,~970.0m,,,1,9.0,2011.0,"Mar,Jun,Sept,Dec"
1005,a,a ,6480.0,,,0,,,
1006,C,c,~3890.0,11.0,2006.0,1,5.0,2013.0,"Feb,May,Aug,Nov"
1007,c,c,4180.0m,9.0,2012.0,0,,,
1008,a,c,~30.0m,9.0,2010.0,0,,,
1009,A,a ,230.0,7.0,2004.0,1,10.0,2014.0,"Jan,Apr,Jul,Oct"
1010,d,c,~4610.0,6.0,2010.0,1,18.0,2010.0,"Feb,May,Aug,Nov"
1011,a,c,490.0m,9.0,2012.0,1,18.0,2011.0,"Feb,May,Aug,Nov"
1012,D,c,~6330.0m,6.0,2004.0,1,39.0,2010.0,"Jan,Apr,Jul,Oct"
1013,a,a ,630.0,2.0,2015.0,1,31.0,2013.0,"Feb,May,Aug,Nov"
1014,a,c,~210.0,,,1,31.0,2013.0,"Jan,Apr,Jul,Oct"
1015,D,c,9910.0m,12.0,2010.0,1,9.0,2011.0,"Mar,Jun,Sept,Dec"
1016,c,c,~550.0m,,,1,35.0,2010.0,"Mar,Jun,Sept,Dec"
1017,c,a ,110.0,11.0,2008.0,0,,,
1018,C,c,~140.0,9.0,2012.0,0,,,
1019,d,c,2740.0m,7.0,2014.0,1,13.0,2010.0,"Jan,Apr,Jul,Oct"
1020,a,a,~40.0m,8.0,2015.0,0,,,
1021,A,a ,1080.0,5.0,2011.0,0,,,
1022,a,c,~1520.0,,,0,,,
1023,c,a,3740.0m,2.0,2002.0,1,14.0,2011.0,"Jan,Apr,Jul,Oct"
1024,C,c,~1990.0m,1.0,2012.0,0,,,
1025,a,a ,720.0,11.0,2009.0,0,,,
1026,c,a,~450.0,6.0,2011.0,1,48.0,2012.0,"Mar,Jun,Sept,Dec"
1027,A,c,190.0m,6.0,2008.0,1,40.0,2011.0,"Jan,Apr,Jul,Oct"
1028,a,a,~150.0m,,,1,31.0,2013.0,"Jan,Apr,Jul,Oct"
1029,a,a ,1590.0,3.0,2006.0,0,,,
1030,A,a,~36410.0,4.0,2008.0,0,,,
1031,d,a,590.0m,5.0,2001.0,0,,,
1032,d,c,~270.0m,2.0,2013.0,1,40.0,2012.0,"Jan,Apr,Jul,Oct"
1033,A,a ,7680.0,3.0,2006.0,0,,,
1034,a,a,~13750.0,4.0,2015.0,0,,,
1035,a,a,27150.0m,,,0,,,
1036,D,c,~9560.0m,,,1,36.0,2013.0,"Jan,Apr,Jul,Oct"
1037,a,c ,150.0,,,0,,,
1038,d,a,~17290.0,10.0,2013.0,0,,,
1039,A,c,70.0m,6.0,1990.0,1,22.0,2012.0,"Mar,Jun,Sept,Dec"
1040,a,a,~4030.0m,2.0,2013.0,1,10.0,2014.0,"Jan,Apr,Jul,Oct"
1041,c,a ,1600.0,8.0,2013.0,1,40.0,2014.0,"Jan,Apr,Jul,Oct"
1042,A,a,~3440.0,,,1,31.0,2013.0,"Feb,May,Aug,Nov"
1043,c,a,420.0m,3.0,2006.0,0,,,
1044,c,a,~240.0m,4.0,2015.0,1,13.0,2010.0,"Jan,Apr,Jul,Oct"
1045,A,c ,26990.0,12.0,2013.0,0,,,
1046,d,c,~29070.0,4.0,2005.0,0,,,
1047,a,a,3750.0m,,,1,45.0,2009.0,"Feb,May,Aug,Nov"
1048,D,c,~1860.0m,9.0,2012.0,1,40.0,2012.0,"Jan,Apr,Jul,Oct"
1049,a,a ,370.0,7.0,2012.0,1,14.0,2011.0,"Jan,Apr,Jul,Oct"
1050,d,c,~13170.0,8.0,2014.0,1,9.0,2011.0,"Mar,Jun,Sept,Dec"
1051,C,a,200.0m,7.0,1998.0,1,1.0,2012.0,"Jan,Apr,Jul,Oct"
1052,a,c,~5080.0m,,,1,31.0,2013.0,"Feb,May,Aug,Nov"
1053,a,a ,1710.0,7.0,2015.0,0,,,
1054,A,c,~13190.0,,,1,45.0,2013.0,"Feb,May,Aug,Nov"
1055,c,a,1980.0m,4.0,2009.0,0,,,
1056,d,c,~5350.0m,,,1,40.0,2012.0,"Jan,Apr,Jul,Oct"
1057,D,c ,3230.0,11.0,2011.0,0,,,
1058,a,c,~180.0,,,1,35.0,2010.0,"Mar,Jun,Sept,Dec"
1059,c,a,3380.0m,4.0,2013.0,0,,,
1060,A,c,~3430.0m,,,1,31.0,2013.0,"Feb,May,Aug,Nov"
1061,d,c ,8110.0,,,0,,,
1062,d,a,~190.0,9.0,2012.0,1,40.0,2012.0,"Feb,May,Aug,Nov"
1063,A,c,6250.0m,,,0,,,
1064,a,c,~420.0m,,,0,,,
1065,a,a ,1290.0,,,1,35.0,2011.0,"Mar,Jun,Sept,Dec"
1066,A,a,~3350.0,,,0,,,
1067,d,c,12020.0m,7.0,2009.0,0,,,
1068,d,c,~5010.0m,,,1,5.0,2013.0,"Jan,Apr,Jul,Oct"
1069,A,c ,18050.0,,,1,14.0,2011.0,"Jan,Apr,Jul,Oct"
1070,c,c,~400.0,10.0,2008.0,0,,,
1071,a,a,820.0m,3.0,2012.0,1,35.0,2012.0,"Mar,Jun,Sept,Dec"
1072,A,c,~5380.0m,8.0,2015.0,1,5.0,2010.0,"Feb,May,Aug,Nov"
1073,a,c ,1710.0,,,1,44.0,2012.0,"Jan,Apr,Jul,Oct"
1074,c,c,~3330.0,10.0,2001.0,1,14.0,2011.0,"Jan,Apr,Jul,Oct"
1075,A,c,1410.0m,10.0,2013.0,0,,,
1076,a,c,~90.0m,,,1,1.0,2013.0,"Jan,Apr,Jul,Oct"
1077,a,a ,3750.0,11.0,2001.0,1,35.0,2010.0,"Mar,Jun,Sept,Dec"
1078,D,c,~670.0,,,1,40.0,2011.0,"Jan,Apr,Jul,Oct"
1079,a,a,16680.0m,,,1,37.0,2009.0,"Jan,Apr,Jul,Oct"
1080,a,a,~2410.0m,,,1,40.0,2014.0,"Jan,Apr,Jul,Oct"
1081,B,a ,400.0,3.0,2006.0,0,,,
1082,c,a,~440.0,4.0,2002.0,0,,,
1083,d,c,11540.0m,,,1,5.0,2013.0,"Feb,May,Aug,Nov"
1084,A,a,~190.0m,,,1,13.0,2010.0,"Jan,Apr,Jul,Oct"
1085,c,a ,4030.0,2.0,2015.0,0,,,
1086,a,a,~180.0,11.0,2013.0,1,18.0,2011.0,"Feb,May,Aug,Nov"
1087,D,c,2210.0m,11.0,2011.0,0,,,
1088,a,a,~4300.0m,3.0,2009.0,1,27.0,2013.0,"Jan,Apr,Jul,Oct"
1089,d,a ,5220.0,5.0,2009.0,0,,,
1090,A,a,~330.0,,,1,14.0,2011.0,"Jan,Apr,Jul,Oct"
1091,a,c,9990.0m,,,0,,,
1092,a,a,~300.0m,7.0,2000.0,1,40.0,2014.0,"Jan,Apr,Jul,Oct"
1093,C,c ,10450.0,6.0,2009.0,0,,,
1094,d,a,~2380.0,3.0,2013.0,1,40.0,2014.0,"Jan,Apr,Jul,Oct"
1095,a,a,690.0m,6.0,2007.0,1,14.0,2011.0,"Jan,Apr,Jul,Oct"
1096,A,c,~1130.0m,,,1,10.0,2014.0,"Mar,Jun,Sept,Dec"
1097,b,b ,720.0,3.0,2002.0,0,,,
1098,a,a,~1830.0,11.0,2004.0,0,,,
1099,A,c,200.0m,4.0,2013.0,1,14.0,2013.0,"Jan,Apr,Jul,Oct"
1100,a,a,~540.0m,,,1,14.0,2011.0,"Jan,Apr,Jul,Oct"
1101,d,c ,4060.0,9.0,2012.0,0,,,
1102,A,a,~850.0,11.0,2012.0,1,40.0,2014.0,"Jan,Apr,Jul,Oct"
1103,d,c,1340.0m,10.0,2006.0,1,5.0,2013.0,"Feb,May,Aug,Nov"
1104,d,a,~260.0m,2.0,2012.0,1,14.0,2011.0,"Jan,Apr,Jul,Oct"
1105,C,c ,330.0,11.0,2008.0,1,5.0,2013.0,"Feb,May,Aug,Nov"
1106,a,c,~5330.0,9.0,2011.0,1,31.0,2013.0,"Jan,Apr,Jul,Oct"
1107,a,a,1400.0m,6.0,2012.0,1,13.0,2010.0,"Jan,Apr,Jul,Oct"
1108,A,a,~540.0m,4.0,2004.0,0,,,
1109,c,a ,3490.0,4.0,2011.0,1,22.0,2012.0,"Jan,Apr,Jul,Oct"
1110,c,c,~900.0,9.0,2010.0,0,,,
1111,A,a,1900.0m,6.0,2014.0,1,31.0,2013.0,"Jan,Apr,Jul,Oct"
1112,c,c,~1880.0m,4.0,2006.0,0,,,
1113,a,c ,9260.0,,,0,,,
1114,A,c,~870.0,,,0,,,
1115,d,c,5350.0m,,,1,22.0,2012.0,"Mar,Jun,Sept,Dec"
